{"cameraMode":{"drawMode":0,"name":"Shaded","section":"Shading Mode"},"sceneLighting":true,"audioPlay":false,"sceneViewState":{"m_AlwaysRefresh":false,"showFog":true,"showSkybox":true,"showFlares":true,"showImageEffects":true,"showParticleSystems":true,"showVisualEffectGraphs":true,"m_FxEnabled":true},"in2DMode":false,"pivot":{"x":635.7710571289063,"y":179.87393188476563,"z":-14.46405029296875},"rotation":{"x":0.004809833597391844,"y":-0.0025041187182068826,"z":0.000011452416401880328,"w":1.0000001192092896},"size":336.0203857421875,"orthographic":false}