{"cameraMode":{"drawMode":0,"name":"Shaded","section":"Shading Mode"},"sceneLighting":true,"audioPlay":false,"sceneViewState":{"m_AlwaysRefresh":false,"showFog":true,"showSkybox":true,"showFlares":true,"showImageEffects":true,"showParticleSystems":true,"showVisualEffectGraphs":true,"m_FxEnabled":true},"in2DMode":false,"pivot":{"x":-3.1270644664764406,"y":-0.3100619912147522,"z":2.9646570682525636},"rotation":{"x":0.13183632493019105,"y":0.09315905719995499,"z":-0.012441492639482022,"w":0.986824631690979},"size":3.6070444583892824,"orthographic":false}