{"cameraMode":{"drawMode":0,"name":"Shaded","section":"Shading Mode"},"sceneLighting":true,"audioPlay":false,"sceneViewState":{"m_AlwaysRefresh":false,"showFog":true,"showSkybox":true,"showFlares":true,"showImageEffects":true,"showParticleSystems":true,"showVisualEffectGraphs":true,"m_FxEnabled":true},"in2DMode":false,"pivot":{"x":90.11314392089844,"y":7.7370076179504398,"z":72.46491241455078},"rotation":{"x":0.07656540721654892,"y":-0.5478093028068543,"z":0.05043203383684158,"w":0.8315847516059876},"size":28.836803436279298,"orthographic":false}