{"cameraMode":{"drawMode":0,"name":"Shaded","section":"Shading Mode"},"sceneLighting":true,"audioPlay":false,"sceneViewState":{"m_AlwaysRefresh":false,"showFog":true,"showSkybox":true,"showFlares":true,"showImageEffects":true,"showParticleSystems":true,"showVisualEffectGraphs":true,"m_FxEnabled":true},"in2DMode":false,"pivot":{"x":8.625350952148438,"y":15.942991256713868,"z":53.67736053466797},"rotation":{"x":0.020411701872944833,"y":-0.9762428402900696,"z":0.18857400119304658,"w":0.1057739183306694},"size":-0.004296767059713602,"orthographic":false}