{"cameraMode":{"drawMode":0,"name":"Shaded","section":"Shading Mode"},"sceneLighting":false,"audioPlay":false,"sceneViewState":{"m_AlwaysRefresh":false,"showFog":true,"showSkybox":false,"showFlares":true,"showImageEffects":true,"showParticleSystems":true,"showVisualEffectGraphs":true,"m_FxEnabled":true},"in2DMode":false,"pivot":{"x":1.0363770723342896,"y":0.19106784462928773,"z":-0.35436928272247317},"rotation":{"x":0.13183632493019105,"y":0.09315905719995499,"z":-0.012441492639482022,"w":0.986824631690979},"size":0.7446117997169495,"orthographic":false}